Name,Injury / Surgery,Pos,Injury / Surgery Date,Injury_Year,player_id,lahman_id,avg_pitches_before,avg_pitches_after,avg_pitches_t_minus_4,avg_pitches_t_minus_3,avg_pitches_t_minus_2,avg_pitches_t_plus_2,avg_pitches_t_plus_3,avg_pitches_t_plus_4
A. J. Burnett,Tommy John surgery,Pitcher,2003-04-01 00:00:00.000000000,2003,150359.0,burnea.01,,,,,,,,
A. J. Griffin,Tommy John surgery,Pitcher,2014-04-30 00:00:00.000000000,2014,456167.0,griffaj01,,,,,,,,
A.J. Puk,Tommy John surgery (internal brace),Pitcher,2025-06-19 00:00:00.000000000,2025,640462.0,pukaj01,,,,,,,,
AJ Smith-Shawver,Tommy John surgery,Pitcher,2025-06-09 00:00:00.000000000,2025,700363.0,smithaj01,,,,,53.0,,,
Aaron Barrett,Tommy John surgery,Pitcher,2015-09-03 00:00:00.000000000,2015,502578.0,barreaa01,,,,,,,,
Adam Bernero,Tommy John surgery,Pitcher,1970-01-01 00:00:00.000002007,1970,333293.0,bernead01,,,,,,,,
Adam Eaton,Tommy John surgery,Pitcher,1970-01-01 00:00:00.000002001,1970,284566.0,eatonad01,,,,,,,,
Adam Wainwright,Tommy John surgery,Pitcher,2011-02-28 00:00:00.000000000,2011,425794.0,wainwad01,,,,,,,,19.666666666666668
Adrian Morejon,Tommy John surgery,Pitcher,2021-04-20 00:00:00.000000000,2021,670970.0,morejad01,50.0,12.0,,,,,17.5,
Adrian Morejon,Tommy John surgery,Pitcher,2021-04-20 00:00:00.000000000,2021,670970.0,morejad01,50.0,12.0,,,,,17.5,
Alex Cobb,Tommy John surgery,Pitcher,2015-05-14 00:00:00.000000000,2015,502171.0,cobbal01,,,,,,,,
Alex Reyes,Tommy John surgery,Pitcher,2017-02-16 00:00:00.000000000,2017,621052.0,reyesal02,,,,,,,,
Ambiorix Burgos,Tommy John surgery,Pitcher,2007-08-28 00:00:00.000000000,2007,434586.0,burgoam01,,,,,,,,
Anderson Espinoza,Tommy John surgery,Pitcher,2019-04-22 00:00:00.000000000,2019,659262.0,espinan01,,,,,,,,
Andrew Heaney,Tommy John surgery,Pitcher,2016-07-01 00:00:00.000000000,2016,571760.0,heanean01,,,,,,,,
Andrew Kittredge,Tommy John surgery,Pitcher,2022-06-22 00:00:00.000000000,2022,552640.0,kittran01,18.5,,,,,,21.0,
Andrew Kittredge,Tommy John surgery,Pitcher,2022-06-22 00:00:00.000000000,2022,552640.0,kittran01,18.5,,,,,,21.0,
Andrés Muñoz,Tommy John surgery,Pitcher,2020-03-20 00:00:00.000000000,2020,662253.0,munozan01,,,,,,18.666666666666668,,
Andrés Muñoz,Tommy John surgery,Pitcher,2020-03-20 00:00:00.000000000,2020,662253.0,munozan01,,,,,,18.666666666666668,,
Andy Ashby,Tommy John surgery,Pitcher,1970-01-01 00:00:00.000002003,1970,110351.0,ashbyan01,,,,,,,,
Angel Perdomo,Tommy John surgery,Pitcher,2023-10-06 00:00:00.000000000,2023,622780.0,perdoan01,,,,,,,,
Anthony Banda,Tommy John surgery,Pitcher,2018-06-01 00:00:00.000000000,2018,607455.0,bandaan01,,,,,,,,
Anthony Bender,Tommy John surgery,Pitcher,2022-08-31 00:00:00.000000000,2022,669622.0,bendean01,,,,,,,,
Anthony Bender,Tommy John surgery,Pitcher,2022-08-31 00:00:00.000000000,2022,669622.0,bendean01,,,,,,,,
Anthony Gose,Tommy John surgery,Pitcher,2022-09-14 00:00:00.000000000,2022,543238.0,gosean01,,,,,,,,
Anthony Kay,Tommy John surgery,Pitcher,2016-10-04 00:00:00.000000000,2016,641743.0,kayan01,,,,,,,,
Anthony Reyes,Tommy John surgery,Pitcher,1970-01-01 00:00:00.000002009,1970,435039.0,reyesan01,,,,,,,,
Antonio Senzatela,Tommy John surgery,Pitcher,2023-07-26 00:00:00.000000000,2023,622608.0,senzaan01,,,,,,,,
Antonio Senzatela,Tommy John surgery,Pitcher,2023-07-26 00:00:00.000000000,2023,622608.0,senzaan01,,,,,,,,
Aníbal Sánchez,Tommy John surgery,Pitcher,1970-01-01 00:00:00.000002003,1970,434671.0,sanchan01,,,,,,,,
Arthur Rhodes,Tommy John surgery,Pitcher,2007-05-02 00:00:00.000000000,2007,121125.0,rhodear01,,,,,,,,
Austin Warren,Tommy John surgery,Pitcher,2023-05-17 00:00:00.000000000,2023,681810.0,warreau01,,,,,,,,
Austin Warren,Tommy John surgery,Pitcher,2023-05-17 00:00:00.000000000,2023,681810.0,warreau01,,,,,,,,
Barret Loux,Tommy John surgery,Pitcher,1970-01-01 00:00:00.000002013,1970,621344.0,,,,,,,,,
Ben Heller,Tommy John surgery,Pitcher,2018-04-06 00:00:00.000000000,2018,621294.0,hellebe01,,,,,,,,
Ben Lively,Tommy John surgery,Pitcher,2025-06-04 00:00:00.000000000,2025,594902.0,livelbe01,27.0,,,,,,,
Ben Sheets,Tommy John surgery,Pitcher,2010-08-01 00:00:00.000000000,2010,282656.0,sheetbe01,,,,,,,,
Bill Bray,Tommy John surgery,Pitcher,2009-05-01 00:00:00.000000000,2009,435538.0,braybi01,,,,,,,,
Bill Pulsipher,Tommy John surgery,Pitcher,1996-04-17 00:00:00.000000000,1996,120802.0,pulsibi01,,,,,,,,
Bill Simas,Tommy John surgery,Pitcher,1970-01-01 00:00:00.000002000,1970,122239.0,simasbi01,,,,,,,,
Billy Koch,Tommy John surgery,Pitcher,1970-01-01 00:00:00.000001997,1970,150477.0,kochbi01,,,,,,,,
Billy Traber,Tommy John surgery,Pitcher,2003-09-21 00:00:00.000000000,2003,407896.0,trabebi01,,,,,,,,
Billy Wagner,Tommy John surgery,Pitcher,2008-09-10 00:00:00.000000000,2008,123790.0,wagnebi02,,,,,,,,
Blake Cederlind,Tommy John surgery,Pitcher,2021-03-23 00:00:00.000000000,2021,664977.0,cederbl01,,,,,,,,
Blake Cederlind,Tommy John surgery,Pitcher,2021-03-23 00:00:00.000000000,2021,664977.0,cederbl01,,,,,,,,
Blake Walston,Tommy John surgery,Pitcher,2025-03-26 00:00:00.000000000,2025,686796.0,walstbl01,,,,,,,,
Bo Schultz,Tommy John surgery,Pitcher,2017-03-29 00:00:00.000000000,2017,544759.0,schulbo02,,,,,,,,
Bob Wickman,Tommy John surgery,Pitcher,2002-12-09 00:00:00.000000000,2002,124233.0,wickmbo01,,,,,,,,
Bobby Parnell,Tommy John surgery,Pitcher,2014-04-01 00:00:00.000000000,2014,458730.0,parnebo01,,,,,,,,
Brad Arnsberg,Tommy John surgery,Pitcher,1970-01-01 00:00:00.000001988,1970,110336.0,arnsbbr01,,,,,,,,
Brad Wieck,Tommy John surgery,Pitcher,2022-07-20 00:00:00.000000000,2022,623364.0,wieckbr01,,,,,,,,
Brady Aiken,Tommy John surgery,Pitcher,2015-03-01 00:00:00.000000000,2015,592094.0,,,,,,,,,
Brady Rodgers,Tommy John surgery,Pitcher,2017-05-02 00:00:00.000000000,2017,572086.0,rodgebr01,,,,,,,,
Branden Pinder,Tommy John surgery,Pitcher,2016-04-26 00:00:00.000000000,2016,572038.0,pindebr01,,,,,,,,
Brandon Bailey,Tommy John surgery,Pitcher,2021-02-26 00:00:00.000000000,2021,669064.0,bailebr01,,,,,,,,
Brandon Cumpton,Tommy John surgery,Pitcher,2015-03-10 00:00:00.000000000,2015,592238.0,cumptbr01,,,,,,,,
Brandon McCarthy,Tommy John surgery,Pitcher,2015-04-30 00:00:00.000000000,2015,435221.0,mccarbr01,,,,,,21.0,,
Brandon Walter,Tommy John surgery,Pitcher,2025-09-22 00:00:00.000000000,2025,687888.0,waltebr01,,,,,,,,
Brandon Workman,Tommy John surgery,Pitcher,2015-06-15 00:00:00.000000000,2015,519443.0,workmbr01,,,,,,,17.333333333333332,
Brendan McKay,Tommy John surgery,Pitcher,2022-09-14 00:00:00.000000000,2022,656713.0,mckaybr01,,,,6.666666666666667,,,,
Brent Honeywell,Tommy John surgery,Pitcher,2018-02-27 00:00:00.000000000,2018,641703.0,honeybr01,,,,,,,,
Brent Strom,Tommy John surgery,Pitcher,1970-01-01 00:00:00.000001978,1970,122884.0,strombr01,,,,,,,,
Brent Suter,Tommy John surgery,Pitcher,2018-07-31 00:00:00.000000000,2018,608718.0,suterbr01,,,,,,,,
Brett Anderson,Tommy John surgery,Pitcher,2011-07-15 00:00:00.000000000,2011,474463.0,anderbr04,,,,,,,,57.0
Brian Wilson,Tommy John surgery,Pitcher,2003-04-19 20:12:00.000000000,2003,451216.0,wilsobr01,,,,,,,,
Bronson Arroyo,Tommy John surgery,Pitcher,2014-07-15 00:00:00.000000000,2014,276520.0,arroybr01,,,,,,,,
Brooks Raley,Tommy John surgery (internal brace),Pitcher,2024-05-29 00:00:00.000000000,2024,548384.0,raleybr01,,,21.8,14.5,,,,
Brooks Raley,Tommy John surgery (internal brace),Pitcher,2024-05-29 00:00:00.000000000,2024,548384.0,raleybr01,,,21.8,14.5,,,,
Bruce Chen,Tommy John surgery,Pitcher,1970-01-01 00:00:00.000002007,1970,136600.0,chenbr01,,,,,,,,
Bryce Montes de Oca,Tommy John surgery,Pitcher,2023-03-29 00:00:00.000000000,2023,650489.0,,,,,,,,,
C. J. Wilson,Tommy John surgery,Pitcher,2003-08-11 00:00:00.000000000,2003,450351.0,wilsocj01,,,,,,,,
Cade Cavalli,Tommy John surgery,Pitcher,2023-03-22 00:00:00.000000000,2023,676917.0,cavalca01,,,,,,,,
Cade Cavalli,Tommy John surgery,Pitcher,2023-03-22 00:00:00.000000000,2023,676917.0,cavalca01,,,,,,,,
Cade Cavalli,Tommy John surgery,Pitcher,2023-03-22 00:00:00.000000000,2023,676917.0,cavalca01,,,,,,,,
Cal Eldred,Tommy John surgery,Pitcher,1995-06-23 00:00:00.000000000,1995,113793.0,eldreca01,,,,,,,,
Caleb Ferguson,Tommy John surgery,Pitcher,2020-09-23 00:00:00.000000000,2020,657571.0,ferguca01,,,,,8.333333333333334,,14.0,
Caleb Ferguson,Tommy John surgery,Pitcher,2020-09-23 00:00:00.000000000,2020,657571.0,ferguca01,,,,,8.333333333333334,,14.0,
Caleb Ferguson,Tommy John surgery,Pitcher,2020-09-23 00:00:00.000000000,2020,657571.0,ferguca01,,,,,8.333333333333334,,14.0,
Carl Pavano,Tommy John surgery,Pitcher,2007-06-05 00:00:00.000000000,2007,134321.0,pavanca01,,,,,,,,
Carlos Carrasco,Tommy John surgery,Pitcher,2011-09-14 00:00:00.000000000,2011,471911.0,carraca01,,,,,,,,
Carlos Rodón,Tommy John surgery,Pitcher,2019-05-15 00:00:00.000000000,2019,607074.0,rodonca01,,,,,,56.0,,
Carlos Vargas,Tommy John surgery,Pitcher,2021-04-29 00:00:00.000000000,2021,672841.0,vargaca01,,,,,,,,22.333333333333332
Carson Smith,Tommy John surgery,Pitcher,2016-05-24 00:00:00.000000000,2016,605476.0,smithca02,,12.5,,,,,,
Carter Capps,Tommy John surgery,Pitcher,2016-03-08 00:00:00.000000000,2016,605169.0,cappsca01,,,,,,,,
Casey Kelly,Tommy John surgery,Pitcher,2013-04-02 00:00:00.000000000,2013,543391.0,kellyca01,,,,,,,,
Casey Mize,Tommy John surgery,Pitcher,2022-06-15 00:00:00.000000000,2022,663554.0,mizeca01,,,,,,,54.0,
Casey Mize,Tommy John surgery,Pitcher,2022-06-15 00:00:00.000000000,2022,663554.0,mizeca01,,,,,,,54.0,
Chad Green,Tommy John surgery,Pitcher,2022-06-01 00:00:00.000000000,2022,643338.0,greench03,,,28.5,18.833333333333332,21.0,,,
Chad Green,Tommy John surgery,Pitcher,2022-06-01 00:00:00.000000000,2022,643338.0,greench03,,,28.5,18.833333333333332,21.0,,,
Chad Kuhl,Tommy John surgery,Pitcher,2018-09-19 00:00:00.000000000,2018,641771.0,kuhlch01,,,,,,,,
Charlie Morton,Tommy John surgery,Pitcher,2012-06-01 00:00:00.000000000,2012,119424.0,mortoch01,,,,,,,,
Chase Whitley,Tommy John surgery,Pitcher,2015-05-19 00:00:00.000000000,2015,595032.0,whitlch01,,,,,,,,
Chi Chi Gonzalez,Tommy John surgery,Pitcher,2017-07-01 00:00:00.000000000,2017,592346.0,,,,,,39.0,,,
Chris Bassitt,Tommy John surgery,Pitcher,2016-05-05 00:00:00.000000000,2016,605135.0,bassich01,,,,,,,,73.0
Chris Carpenter,Tommy John surgery,Pitcher,2007-07-01 00:00:00.000000000,2007,112020.0,carpech01,,,,,,,,
Chris Devenski,Tommy John surgery,Pitcher,2021-06-02 00:00:00.000000000,2021,606965.0,devench02,,,14.3,,18.333333333333332,,,
Chris Murphy,Tommy John surgery,Pitcher,2024-04-10 00:00:00.000000000,2024,669684.0,murphch01,,,,,,,,
Chris Murphy,Tommy John surgery,Pitcher,2024-04-10 00:00:00.000000000,2024,669684.0,murphch01,,,,,,,,
Chris Paddack,Tommy John surgery,Pitcher,2022-05-18 00:00:00.000000000,2022,663978.0,paddach01,,24.0,,,,,,
Chris Paddack,Tommy John surgery,Pitcher,2022-05-18 00:00:00.000000000,2022,663978.0,paddach01,,24.0,,,,,,
Chris Sale,Tommy John surgery,Pitcher,2020-03-30 00:00:00.000000000,2020,519242.0,salech01,,59.333333333333336,,88.5,59.6,,,
Chris Sale,Tommy John surgery,Pitcher,2020-03-30 00:00:00.000000000,2020,519242.0,salech01,,59.333333333333336,,88.5,59.6,,,
Christian Scott,Tommy John surgery (internal brace),Pitcher,2024-09-25 00:00:00.000000000,2024,681035.0,scottch01,,,,,,,,
Clarke Schmidt,Tommy John surgery (internal brace),Pitcher,2025-07-11 00:00:00.000000000,2025,657376.0,schmicl01,72.33333333333333,,,15.0,,,,
Codi Heuer,Tommy John surgery,Pitcher,2022-03-07 00:00:00.000000000,2022,676051.0,heuerco01,,,,,,,,
Cody Anderson,Tommy John surgery,Pitcher,2017-03-01 00:00:00.000000000,2017,594736.0,anderco01,,,,,,,,
Cody Poteet,Tommy John surgery,Pitcher,2022-08-17 00:00:00.000000000,2022,547001.0,poteeco01,,,,,,,,
Colby Lewis,Tommy John surgery,Pitcher,1996-09-27 00:00:00.000000000,1996,407890.0,lewisco01,,,,,,,,
Cole Waites,Tommy John surgery,Pitcher,2023-09-13 00:00:00.000000000,2023,686972.0,waiteco01,,,,,,,,
Colin Poche,Tommy John surgery,Pitcher,2020-07-29 00:00:00.000000000,2020,621363.0,pocheco01,10.2,,,,,,,
Colin Poche,Tommy John surgery,Pitcher,2020-07-29 00:00:00.000000000,2020,621363.0,pocheco01,10.2,,,,,,,
Colin Rea,Tommy John surgery,Pitcher,2016-11-10 00:00:00.000000000,2016,607067.0,reaco01,,,,,,,,
Connor Overton,Tommy John surgery,Pitcher,2023-05-23 00:00:00.000000000,2023,656818.0,overtco01,,,,,,,,
Corbin Burnes,Tommy John surgery,Pitcher,2025-06-11 00:00:00.000000000,2025,669203.0,burneco01,,,91.0,,,,,
Corbin Martin,Tommy John surgery,Pitcher,2019-07-03 00:00:00.000000000,2019,656686.0,martico02,,,,,,,,
Cristian Javier,Tommy John surgery,Pitcher,2024-06-06 00:00:00.000000000,2024,664299.0,javiecr01,65.0,,30.5,35.666666666666664,67.33333333333333,,,
Cristian Javier,Tommy John surgery,Pitcher,2024-06-06 00:00:00.000000000,2024,664299.0,javiecr01,65.0,,30.5,35.666666666666664,67.33333333333333,,,
DJ Herz,Tommy John surgery,Pitcher,2025-04-16 00:00:00.000000000,2025,687792.0,herzdj01,,,,,,,,
Daisuke Matsuzaka,Tommy John surgery,Pitcher,2011-06-10 00:00:00.000000000,2011,493137.0,matsuda01,,,,,,,,
Dakota Hudson,Tommy John surgery,Pitcher,2020-09-28 00:00:00.000000000,2020,641712.0,hudsoda02,46.5,,,,,,,
Dakota Hudson,Tommy John surgery,Pitcher,2020-09-28 00:00:00.000000000,2020,641712.0,hudsoda02,46.5,,,,,,,
Dan Altavilla,Tommy John surgery,Pitcher,2021-06-29 00:00:00.000000000,2021,656186.0,altavda01,22.0,,,,,,,
Dan Giese,Tommy John surgery,Pitcher,1970-01-01 00:00:00.000002009,1970,435500.0,gieseda01,,,,,,,,
Daniel Gossett,Tommy John surgery,Pitcher,2018-08-01 00:00:00.000000000,2018,605254.0,gosseda01,,,,,,,,
Daniel Webb,Tommy John surgery,Pitcher,2016-06-01 00:00:00.000000000,2016,543900.0,webbda01,,,,,,,,
Danny Duffy,Tommy John surgery,Pitcher,2012-06-13 00:00:00.000000000,2012,518633.0,duffyda01,,,,,,,16.0,
Danny Salazar,Tommy John surgery,Pitcher,1970-01-01 00:00:00.000002010,1970,517593.0,salazda01,,,,,,,,
Danys Báez,Tommy John surgery,Pitcher,2007-10-26 00:00:00.000000000,2007,276056.0,baezda01,,,,,,,,
Darien Núñez,Tommy John surgery,Pitcher,2022-04-01 00:00:00.000000000,2022,628345.0,nunezda01,,,,,,,,
Darren Oliver,Tommy John surgery,Pitcher,1991-05-01 00:00:00.000000000,1991,119984.0,oliveda02,,,,,,,,
Dauri Moreta,Tommy John surgery,Pitcher,2024-03-21 00:00:00.000000000,2024,664294.0,moretda01,,,,,,,,
Dauri Moreta,Tommy John surgery,Pitcher,2024-03-21 00:00:00.000000000,2024,664294.0,moretda01,,,,,,,,
David Aardsma,Tommy John surgery,Pitcher,2011-07-22 00:00:00.000000000,2011,430911.0,aardsda01,,,,,,,,
David Hernandez,Tommy John surgery,Pitcher,2014-03-24 00:00:00.000000000,2014,456696.0,hernada01,,,,,,,11.5,
David Phelps,Tommy John surgery,Pitcher,2018-03-01 00:00:00.000000000,2018,475479.0,phelpda01,,,,,,,,
David Robertson,Tommy John surgery,Pitcher,2019-08-15 00:00:00.000000000,2019,502085.0,roberda08,22.5,,,,19.714285714285715,24.666666666666668,18.285714285714285,
David Wells,Tommy John surgery,Pitcher,1970-01-01 00:00:00.000001985,1970,124071.0,wellsda01,,,,,,,,
Dedniel Núñez,Tommy John surgery,Pitcher,2021-03-30 00:00:00.000000000,2021,673380.0,nunezde01,,,,,,,,
Denny Neagle,Tommy John surgery,Pitcher,1970-01-01 00:00:00.000002003,1970,119673.0,neaglde01,,,,,,,,
Deolis Guerra,Tommy John surgery,Pitcher,2022-04-13 00:00:00.000000000,2022,500610.0,guerrde01,,,,,,,,
Dewon Brazelton,Tommy John surgery,Pitcher,1970-01-01 00:00:00.000001996,1970,407376.0,brazede01,,,,,,,,
Dinelson Lamet,Tommy John surgery,Pitcher,2018-04-01 00:00:00.000000000,2018,659275.0,lametdi01,,,,,,,,
Domingo Germán,Tommy John surgery,Pitcher,2015-03-31 00:00:00.000000000,2015,593334.0,germado01,,,,,,,,
Don Aase,Tommy John surgery,Pitcher,1982-10-18 00:00:00.000000000,1982,110003.0,aasedo01,,,,,,,,
Drew Smith,Tommy John surgery (internal brace),Pitcher,2024-07-12 00:00:00.000000000,2024,622098.0,smithdr01,,,,,,,,
Drew Smith,Tommy John surgery (internal brace),Pitcher,2024-07-12 00:00:00.000000000,2024,622098.0,smithdr01,,,,,,,,
Drew Smyly,Tommy John surgery,Pitcher,2017-07-06 00:00:00.000000000,2017,592767.0,smylydr01,,,,,,,,42.333333333333336
Drew Storen,Tommy John surgery,Pitcher,2017-09-01 00:00:00.000000000,2017,519322.0,storedr01,,,,,,,,
Drew Thorpe,Tommy John surgery,Pitcher,2025-03-01 00:00:00.000000000,2025,689672.0,thorpdr01,,,,,,,,
Drey Jameson,Tommy John surgery,Pitcher,2023-09-27 00:00:00.000000000,2023,686753.0,jamesdr01,,,,,,,,
Duke Welker,Tommy John surgery,Pitcher,2014-06-05 00:00:00.000000000,2014,444992.0,welkedu01,,,,,,,,
Dustin May,Tommy John revision surgery,Pitcher,2023-07-18 00:00:00.000000000,2023,669160.0,maydu01,,,23.5,28.0,,,,
Dustin May,Tommy John surgery,Pitcher,2021-05-11 00:00:00.000000000,2021,669160.0,maydu01,28.0,,,,23.5,,,
Dustin May,Tommy John surgery,Pitcher,2021-05-11 00:00:00.000000000,2021,669160.0,maydu01,28.0,,,,23.5,,,
Dustin May,Flexor tendon/Tommy John revision surgery,Pitcher,2023-07-18 00:00:00.000000000,2023,669160.0,maydu01,,,23.5,28.0,,,,
Dustin McGowan,Tommy John surgery,Pitcher,2004-05-13 00:00:00.000000000,2004,430661.0,mcgowdu01,,,,,,,,
Emmet Sheehan,Tommy John surgery,Pitcher,2024-05-16 00:00:00.000000000,2024,686218.0,sheehem01,71.0,26.2,,,,,,
Emmet Sheehan,Tommy John surgery,Pitcher,2024-05-16 00:00:00.000000000,2024,686218.0,sheehem01,71.0,26.2,,,,,,
Eric Milton,Tommy John surgery,Pitcher,2007-06-01 00:00:00.000000000,2007,132980.0,miltoer01,,,,,,,,
Erick Fedde,Tommy John surgery,Pitcher,2015-06-03 00:00:00.000000000,2015,607200.0,feddeer01,,,,,,,,
Ethan Roberts,Tommy John surgery,Pitcher,2022-07-13 00:00:00.000000000,2022,681799.0,roberet01,,,,,,,,
Ethan Roberts,Tommy John surgery,Pitcher,2022-07-13 00:00:00.000000000,2022,681799.0,roberet01,,,,,,,,
Eury Pérez,Tommy John surgery,Pitcher,2024-04-08 00:00:00.000000000,2024,691587.0,perezeu02,,,,,,,,
Eury Pérez,Tommy John surgery,Pitcher,2024-04-08 00:00:00.000000000,2024,691587.0,perezeu02,,,,,,,,
Fernando Rodney,Tommy John surgery,Pitcher,2004-04-29 00:00:00.000000000,2004,407845.0,rodnefe01,,,,,,,,
Fernando Romero,Tommy John surgery,Pitcher,1970-01-01 00:00:00.000002014,1970,622864.0,romerfe01,,,,,,,,
Foster Griffin,Tommy John surgery,Pitcher,2020-08-11 00:00:00.000000000,2020,656492.0,grifffo01,,,,,,,,
Francisco Liriano,Tommy John surgery,Pitcher,2006-11-06 00:00:00.000000000,2006,434538.0,liriafr01,,,,,,,,
Frank Riccelli,Tommy John surgery,Pitcher,1970-01-01 00:00:00.000001979,1970,121134.0,riccefr01,,,,,,,,
Frank Viola,Tommy John surgery,Pitcher,1994-05-17 00:00:00.000000000,1994,123732.0,violafr01,,,,,,,,
Félix Bautista,Tommy John surgery,Pitcher,2023-10-09 00:00:00.000000000,2023,642585.0,bautife01,,,,,,,,
Félix Bautista,Tommy John surgery,Pitcher,2023-10-09 00:00:00.000000000,2023,642585.0,bautife01,,,,,,,,
Félix Doubront,Tommy John surgery,Pitcher,2016-04-12 00:00:00.000000000,2016,467094.0,doubrfe01,,,,,,,,
Garrett Crochet,Tommy John surgery,Pitcher,2022-04-05 00:00:00.000000000,2022,676979.0,crochga01,17.0,,,,,,,
Garrett Crochet,Tommy John surgery,Pitcher,2022-04-05 00:00:00.000000000,2022,676979.0,crochga01,17.0,,,,,,,
Garrett Whitlock,Tommy John surgery,Pitcher,2019-07-01 00:00:00.000000000,2019,676477.0,whitlga01,,,,,,23.75,,
Gavin Floyd,Tommy John surgery,Pitcher,2013-05-01 00:00:00.000000000,2013,425856.0,floydga01,,,,,,,,
George Kontos,Tommy John surgery,Pitcher,2009-07-07 00:00:00.000000000,2009,502004.0,kontoge01,,,,,,,,
Geremi González,Tommy John surgery,Pitcher,1998-08-21 00:00:00.000000000,1998,114928.0,gonzaje01,,,,,,,,
Germán Márquez,Tommy John surgery,Pitcher,2023-05-12 00:00:00.000000000,2023,608566.0,marquge01,,,,,,,,
Germán Márquez,Tommy John surgery,Pitcher,2023-05-12 00:00:00.000000000,2023,608566.0,marquge01,,,,,,,,
Gerrit Cole,Tommy John surgery,Pitcher,2025-03-11 00:00:00.000000000,2025,543037.0,colege01,90.4,,,102.33333333333333,,,,
Glenn Sparkman,Tommy John surgery,Pitcher,1970-01-01 00:00:00.000002015,1970,642098.0,sparkgl01,,,,,,,,
Grant Dayton,Tommy John surgery,Pitcher,2017-08-29 00:00:00.000000000,2017,594795.0,daytogr01,13.142857142857142,,,,,,62.0,
Greg Holland,Tommy John surgery,Pitcher,2015-10-02 00:00:00.000000000,2015,518813.0,hollagr01,,,,,,,,
Gunnar Hoglund,Tommy John surgery,Pitcher,2021-05-15 00:00:00.000000000,2021,680684.0,hoglugu01,,,,,,,,
Hayden Wesneski,Tommy John surgery,Pitcher,2025-05-23 00:00:00.000000000,2025,669713.0,wesneha01,,,,,,,,
Homer Bailey,Tommy John surgery,Pitcher,2015-05-08 00:00:00.000000000,2015,456701.0,baileho02,,,,,,,,
Huascar Ynoa,Tommy John surgery,Pitcher,2022-09-07 00:00:00.000000000,2022,660623.0,ynoahu01,22.0,,,,92.0,,,
Huascar Ynoa,Tommy John surgery,Pitcher,2022-09-07 00:00:00.000000000,2022,660623.0,ynoahu01,22.0,,,,92.0,,,
Humberto Castellanos,Tommy John surgery,Pitcher,2022-08-08 00:00:00.000000000,2022,528748.0,castehu01,,,,,,,,
Hunter Greene,Tommy John surgery,Pitcher,2019-04-01 00:00:00.000000000,2019,668881.0,greenhu01,,,,,,,,
Hyun Jin Ryu,Tommy John surgery,Pitcher,2022-06-18 00:00:00.000000000,2022,547943.0,ryuhy01,,,76.5,75.0,,,,
Hyun Jin Ryu,Tommy John surgery,Pitcher,2022-06-18 00:00:00.000000000,2022,547943.0,ryuhy01,,,76.5,75.0,,,,
Hyun-jin Ryu,Tommy John surgery,Pitcher,2004-06-18 20:22:00.000000000,2004,547943.0,ryuhy01,,,,,,,,
Héctor Rondón,Tommy John surgery,Pitcher,2010-08-01 00:00:00.000000000,2010,444468.0,rondohe01,,,,,,,,
Ian Anderson,Tommy John surgery,Pitcher,2023-04-13 00:00:00.000000000,2023,666120.0,anderia01,,,,84.0,70.25,,,
Iván Nova,Tommy John surgery,Pitcher,2014-04-29 00:00:00.000000000,2014,467100.0,novaiv01,,,,,,,,
J. C. Ramírez,Tommy John surgery,Pitcher,2018-04-01 00:00:00.000000000,2018,500724.0,ramirjc01,,,,,,,,
JT Brubaker,Tommy John surgery,Pitcher,2023-04-12 00:00:00.000000000,2023,664141.0,brubajt01,,,,,,,,
JT Brubaker,Tommy John surgery,Pitcher,2023-04-12 00:00:00.000000000,2023,664141.0,brubajt01,,,,,,,,
Jack Leathersich,Tommy John surgery,Pitcher,2015-07-30 00:00:00.000000000,2015,605333.0,leathja01,,,,,,,,
Jackson Jobe,Tommy John surgery,Pitcher,2025-06-16 00:00:00.000000000,2025,695549.0,jobeja01,27.0,,,,,,,
Jackson Kowar,Tommy John surgery,Pitcher,2024-03-15 00:00:00.000000000,2024,663804.0,kowarja01,,,,,,,,
Jackson Kowar,Tommy John surgery,Pitcher,2024-03-15 00:00:00.000000000,2024,663804.0,kowarja01,,,,,,,,
Jacob deGrom,Tommy John surgery,Pitcher,2023-06-12 00:00:00.000000000,2023,594798.0,degroja01,,,,,,,,
Jacob deGrom,Tommy John surgery,Pitcher,2023-06-12 00:00:00.000000000,2023,594798.0,degroja01,,,,,,,,
Jaden Hill,Tommy John surgery,Pitcher,2021-04-01 00:00:00.000000000,2021,677955.0,hillja01,,,,,,,,
Jae Seo,Tommy John surgery,Pitcher,1999-05-01 00:00:00.000000000,1999,400134.0,,,,,,,,,
Jaime García,Tommy John surgery,Pitcher,1970-01-01 00:00:00.000002008,1970,448802.0,garcija02,,,,,,,,
Jake Brentz,Tommy John surgery,Pitcher,2022-07-21 00:00:00.000000000,2022,641394.0,brentja01,,,,,,,,
Jake Brentz,Tommy John surgery,Pitcher,2022-07-21 00:00:00.000000000,2022,641394.0,brentja01,,,,,,,,
Jake Cousins,Tommy John surgery,Pitcher,2025-06-18 00:00:00.000000000,2025,664776.0,cousija01,19.333333333333332,,25.0,,,,,
Jake Westbrook,Tommy John surgery,Pitcher,2008-06-01 00:00:00.000000000,2008,150414.0,westbja01,,,,,,,,
Jalen Beeks,Tommy John surgery,Pitcher,2020-09-02 00:00:00.000000000,2020,656222.0,beeksja02,,,,,,,,
Jalen Beeks,Tommy John surgery,Pitcher,2020-09-02 00:00:00.000000000,2020,656222.0,beeksja02,,,,,,,,
James Paxton,Tommy John surgery,Pitcher,2021-04-14 00:00:00.000000000,2021,572020.0,paxtoja01,,,,,83.0,,,
James Paxton,Tommy John surgery,Pitcher,2021-04-14 00:00:00.000000000,2021,572020.0,paxtoja01,,,,,83.0,,,
Jameson Taillon,Tommy John surgery,Pitcher,2019-08-13 00:00:00.000000000,2019,592791.0,taillja01,,,,,,,42.5,
Jamie Moyer,Tommy John surgery,Pitcher,2010-12-01 00:00:00.000000000,2010,119469.0,moyerja01,,,,,,,,
Jandel Gustave,Tommy John surgery,Pitcher,2017-06-21 00:00:00.000000000,2017,594311.0,gustaja01,,,,,,,,
Jason Grilli,Tommy John surgery,Pitcher,1970-01-01 00:00:00.000002002,1970,276351.0,grillja01,,,,,,,,
Jason Shiell,Tommy John surgery,Pitcher,2004-05-01 00:00:00.000000000,2004,425126.0,shielja01,,,,,,,,
Jason Stanford,Tommy John surgery,Pitcher,2004-07-29 00:00:00.000000000,2004,408037.0,stanfja01,,,,,,,,
Jason Vargas,Tommy John surgery,Pitcher,2015-08-01 00:00:00.000000000,2015,450306.0,vargaja01,,,,,,,,
Jay Groome,Tommy John surgery,Pitcher,2018-05-01 00:00:00.000000000,2018,668941.0,,,,,,,,,
Jeff Criswell,Tommy John surgery,Pitcher,2025-03-14 00:00:00.000000000,2025,676105.0,criswje01,,,,,,,,
Jeff Hoffman,Tommy John surgery,Pitcher,1970-01-01 00:00:00.000002014,1970,656546.0,hoffmje02,,,,,,,,
Jeffrey Springs,Tommy John surgery,Pitcher,2023-04-24 00:00:00.000000000,2023,605488.0,sprinje01,,,,,,,,
Jeffrey Springs,Tommy John surgery,Pitcher,2023-04-24 00:00:00.000000000,2023,605488.0,sprinje01,,,,,,,,
Jenrry Mejía,Tommy John surgery,Pitcher,2011-04-01 00:00:00.000000000,2011,516769.0,mejiaje01,,,,,,,,
Jerrod Riggan,Tommy John surgery,Pitcher,2004-06-29 00:00:00.000000000,2004,339492.0,riggaje01,,,,,,,,
Jesen Therrien,Tommy John surgery,Pitcher,2017-09-01 00:00:00.000000000,2017,592279.0,dygesje01,,,,,,,,
Jesse Biddle,Tommy John surgery,Pitcher,2015-10-14 00:00:00.000000000,2015,592145.0,biddlje01,,,,,,,,
Jesse Scholtens,Tommy John surgery,Pitcher,2024-03-01 00:00:00.000000000,2024,669947.0,scholje01,,,,,,,,
Jesse Scholtens,Tommy John surgery,Pitcher,2024-03-01 00:00:00.000000000,2024,669947.0,scholje01,,,,,,,,
Jharel Cotton,Tommy John surgery,Pitcher,2018-03-21 00:00:00.000000000,2018,605194.0,cottojh01,,,,,,,,
Jim Gott,Tommy John surgery,Pitcher,1989-04-01 00:00:00.000000000,1989,114992.0,gottji01,,,,,,,,
Jim Morris,Tommy John surgery,Pitcher,1986-01-01 00:00:00.000000000,1986,242062.0,morrija03,,,,,,,,
Jimmy Cordero,Tommy John surgery,Pitcher,2021-03-18 00:00:00.000000000,2021,622772.0,cordeji01,,,,,,,,
JoJo Romero,Tommy John surgery,Pitcher,2021-05-25 00:00:00.000000000,2021,668941.0,romerjo01,,,,,,,,
JoJo Romero,Tommy John surgery,Pitcher,2021-05-25 00:00:00.000000000,2021,668941.0,romerjo01,,,,,,,,
Joba Chamberlain,Tommy John surgery,Pitcher,2011-06-16 00:00:00.000000000,2011,501955.0,chambjo03,,,,,,,,
Joe Beimel,Tommy John surgery,Pitcher,2012-05-01 00:00:00.000000000,2012,346847.0,beimejo01,,,,,,,,
Joe Biagini,Tommy John surgery,Pitcher,1970-01-01 00:00:00.000002010,1970,607352.0,biagijo01,,,,,,,,
Joe Hesketh,Tommy John surgery,Pitcher,1970-01-01 00:00:00.000001981,1970,115866.0,heskejo01,,,,,,,,
Joe Mantiply,Tommy John surgery,Pitcher,2018-03-09 00:00:00.000000000,2018,573009.0,mantijo01,,,,,,,,
Joe Mays,Tommy John surgery,Pitcher,1970-01-01 00:00:00.000002003,1970,150222.0,maysjo01,,,,,,,,
Joe Musgrove,Tommy John surgery,Pitcher,2024-10-11 00:00:00.000000000,2024,605397.0,musgrjo01,,,,,100.5,,,
Joe Ross,Tommy John surgery,Pitcher,2022-06-10 00:00:00.000000000,2022,605452.0,rossjo01,,,,48.5,,,,
Joel Zumaya,Tommy John surgery,Pitcher,2012-03-01 00:00:00.000000000,2012,451491.0,zumayjo01,,,,,,,,
Joey Lucchesi,Tommy John surgery,Pitcher,2021-06-24 00:00:00.000000000,2021,664192.0,lucchjo01,,,,,,,,
Joey Lucchesi,Tommy John surgery,Pitcher,2021-06-24 00:00:00.000000000,2021,664192.0,lucchjo01,,,,,,,,
Johan Oviedo,Tommy John surgery,Pitcher,2023-12-06 00:00:00.000000000,2023,670912.0,oviedjo01,,,,,,,,
Johan Oviedo,Tommy John surgery,Pitcher,2023-12-06 00:00:00.000000000,2023,670912.0,oviedjo01,,,,,,,,
John Brebbia,Tommy John surgery,Pitcher,2020-06-03 00:00:00.000000000,2020,605154.0,brebbjo01,13.6,,,,,,,
John Brebbia,Tommy John surgery,Pitcher,2020-06-08 00:00:00.000000000,2020,605154.0,brebbjo01,13.6,,,,,,,
John Foster,Tommy John surgery,Pitcher,2006-06-06 00:00:00.000000000,2006,407796.0,fostejo01,,,,,,,,
John Franco,Tommy John surgery,Pitcher,2002-05-15 00:00:00.000000000,2002,114374.0,francjo01,,,,,,,,
John Lackey,Tommy John surgery,Pitcher,2011-11-01 00:00:00.000000000,2011,407793.0,lackejo01,,,,,,,,67.5
John Lamb,Tommy John surgery,Pitcher,2018-07-10 00:00:00.000000000,2018,117429.0,lambjo01,,,,,,,,
John Means,Tommy John surgery,Pitcher,2024-06-03 00:00:00.000000000,2024,607644.0,meansjo01,,,,,,,,
John Means,Tommy John surgery,Pitcher,2024-06-03 00:00:00.000000000,2024,607644.0,meansjo01,,,,,,,,
John Means,Tommy John surgery,Pitcher,2022-04-27 00:00:00.000000000,2022,607644.0,meansjo01,,,,,,,,
John Means,Tommy John surgery,Pitcher,2022-04-27 00:00:00.000000000,2022,607644.0,meansjo01,,,,,,,,
John Parrish,Tommy John surgery,Pitcher,2005-07-15 00:00:00.000000000,2005,332292.0,parrijo01,,,,,,,,
John Smoltz,Tommy John surgery,Pitcher,2000-03-23 00:00:00.000000000,2000,122477.0,smoltjo01,,,,,,,,
John Tudor,Tommy John surgery,Pitcher,1988-10-27 00:00:00.000000000,1988,123499.0,tudorjo01,,,,,,,,
Johnny Cueto,Tommy John surgery,Pitcher,2018-08-02 00:00:00.000000000,2018,456501.0,cuetojo01,,,,96.25,,,,
Johnny Hellweg,Tommy John surgery,Pitcher,2014-04-29 00:00:00.000000000,2014,518782.0,hellwjo01,,,,,,,,
Jon Lieber,Tommy John surgery,Pitcher,2002-08-07 00:00:00.000000000,2002,117758.0,liebejo01,,,,,,,,
Jon Moscot,Tommy John surgery,Pitcher,2016-07-01 00:00:00.000000000,2016,621209.0,moscojo01,,,,,,,,
Jonathan Hernández,Tommy John surgery,Pitcher,2021-04-12 00:00:00.000000000,2021,642546.0,hernajo02,,,,,,,,
Jonathan Hernández,Tommy John surgery,Pitcher,2021-04-12 00:00:00.000000000,2021,642546.0,hernajo02,,,,,,,,
Jordan Hicks,Tommy John surgery,Pitcher,2019-06-26 00:00:00.000000000,2019,663855.0,hicksjo03,,,,,,,,
Jordan Romano,Tommy John surgery,Pitcher,2015-04-01 00:00:00.000000000,2015,605447.0,romanjo03,,,,,,,,
Jordan Zimmermann,Tommy John surgery,Pitcher,2009-08-01 00:00:00.000000000,2009,519455.0,zimmejo02,,,,,,,,
Jorge de la Rosa,Tommy John surgery,Pitcher,1970-01-01 00:00:00.000002011,1970,407822.0,,,,,,,,,
Jose Alvarez,Tommy John surgery,Pitcher,2022-08-31 00:00:00.000000000,2022,501625.0,,3.0,,,,,,,
Josh Edgin,Tommy John surgery,Pitcher,2015-03-01 00:00:00.000000000,2015,572831.0,edginjo01,,,,,,,,
Josh Kinney,Tommy John surgery,Pitcher,1970-01-01 00:00:00.000002007,1970,448337.0,kinnejo01,,,,,,,,
Josh Tomlin,Tommy John surgery,Pitcher,2012-08-21 00:00:00.000000000,2012,458708.0,tomlijo01,,,,,,,,64.75
Josiah Gray,Tommy John surgery (internal brace),Pitcher,2024-07-24 00:00:00.000000000,2024,680686.0,grayjo03,,,,,,,,
Josiah Gray,Tommy John surgery (internal brace),Pitcher,2024-07-24 00:00:00.000000000,2024,680686.0,grayjo03,,,,,,,,
José Arredondo,Tommy John surgery,Pitcher,2010-02-01 00:00:00.000000000,2010,461766.0,arredjo01,,,,,,,,
José Castillo,Tommy John surgery,Pitcher,2021-03-01 00:00:00.000000000,2021,620454.0,castijo03,,,,,,,,
José De León,Tommy John surgery,Pitcher,2023-07-19 00:00:00.000000000,2023,605894.0,,,,,,,,,
José Fernández,Tommy John surgery,Pitcher,2014-05-16 00:00:00.000000000,2014,150403.0,fernajo01,,,,,,,,
José Leclerc,Tommy John surgery,Pitcher,2021-03-30 00:00:00.000000000,2021,600917.0,leclejo01,,,,,,17.90909090909091,,
José Leclerc,Tommy John surgery,Pitcher,2021-03-30 00:00:00.000000000,2021,600917.0,leclejo01,,,,,,17.90909090909091,,
José Mesa,Tommy John surgery,Pitcher,1989-06-01 00:00:00.000000000,1989,118986.0,mesajo01,,,,,,,,
José Quijada,Tommy John surgery,Pitcher,2023-05-17 00:00:00.000000000,2023,650671.0,quijajo01,,,,,,,,
José Quijada,Tommy John surgery,Pitcher,2023-05-17 00:00:00.000000000,2023,650671.0,quijajo01,,,,,,,,
José Soriano,Tommy John surgery (revision),Pitcher,2021-06-15 00:00:00.000000000,2021,667755.0,soriajo02,,,,,,,,
José Urquidy,Tommy John surgery,Pitcher,2024-06-05 00:00:00.000000000,2024,664353.0,urquijo01,52.666666666666664,,65.66666666666667,48.333333333333336,45.0,,,
José Urquidy,Tommy John surgery,Pitcher,2024-06-05 00:00:00.000000000,2024,664353.0,urquijo01,52.666666666666664,,65.66666666666667,48.333333333333336,45.0,,,
Juan Padilla,Tommy John surgery,Pitcher,2006-03-14 00:00:00.000000000,2006,433677.0,padilju01,,,,,,,,
Julian Aguiar,Tommy John surgery,Pitcher,2024-10-11 00:00:00.000000000,2024,687924.0,aguiaju01,,,,,,,,
Justin Anderson,Tommy John surgery,Pitcher,2020-07-22 00:00:00.000000000,2020,605121.0,anderju01,,,,,,,,
Justin Lehr,Tommy John surgery,Pitcher,2010-05-01 00:00:00.000000000,2010,430680.0,lehrju01,,,,,,,,
Justin Martinez,Tommy John surgery,Pitcher,2025-06-25 00:00:00.000000000,2025,679885.0,martiju01,,,,,,,,
Justin Verlander,Tommy John surgery,Pitcher,2020-09-30 00:00:00.000000000,2020,434378.0,verlaju01,99.66666666666667,,,89.0,96.33333333333333,92.0,92.0,
Justin Verlander,Tommy John surgery,Pitcher,2020-09-30 00:00:00.000000000,2020,434378.0,verlaju01,99.66666666666667,,,89.0,96.33333333333333,92.0,92.0,
Justin Wilson,Tommy John surgery,Pitcher,2022-06-03 00:00:00.000000000,2022,458677.0,wilsoju10,,,,,,,,
Keaton Winn,Tommy John surgery,Pitcher,1970-01-01 00:00:00.000002021,1970,676775.0,winnke01,,,,,,,,
Ken Giles,Tommy John surgery,Pitcher,2020-09-30 00:00:00.000000000,2020,571704.0,gileske01,,,,24.0,,,,
Ken Giles,Tommy John surgery,Pitcher,2020-10-01 00:00:00.000000000,2020,571704.0,gileske01,,,,24.0,,,,
Ken Waldichuk,Tommy John surgery/ flexor tendon surgery,Pitcher,2024-05-15 00:00:00.000000000,2024,686610.0,waldike01,,,,,,,,
Ken Waldichuk,Tommy John surgery/ flexor tendon surgery,Pitcher,2024-05-15 00:00:00.000000000,2024,686610.0,waldike01,,,,,,,,
Kenta Maeda,Tommy John surgery,Pitcher,2021-09-01 00:00:00.000000000,2021,628317.0,maedake01,,,16.88888888888889,17.875,14.5,34.0,,
Kenta Maeda,Tommy John surgery,Pitcher,2021-09-01 00:00:00.000000000,2021,628317.0,maedake01,,,16.88888888888889,17.875,14.5,34.0,,
Keone Kela,Tommy John surgery,Pitcher,2021-05-19 00:00:00.000000000,2021,605309.0,kelake01,,,,,,,,
Kerry Ligtenberg,Tommy John surgery,Pitcher,1999-04-01 00:00:00.000000000,1999,117763.0,ligteke01,,,,,,,,
Kerry Wood,Tommy John surgery,Pitcher,1999-04-08 00:00:00.000000000,1999,134268.0,woodke02,,,,,,,,
Kevin Shackelford,Tommy John surgery,Pitcher,2018-06-01 00:00:00.000000000,2018,594992.0,shackke01,,,,,,,,
Keynan Middleton,Tommy John surgery,Pitcher,2018-05-22 00:00:00.000000000,2018,641871.0,middlke01,,,,,,,,
Kirby Yates,Tommy John surgery,Pitcher,2021-03-24 00:00:00.000000000,2021,489446.0,yateski01,,,,,,25.0,,
Kirby Yates,Tommy John surgery,Pitcher,2021-03-24 00:00:00.000000000,2021,489446.0,yateski01,,,,,,25.0,,
Kris Benson,Tommy John surgery,Pitcher,2001-05-22 00:00:00.000000000,2001,150249.0,bensokr01,,,,,,,,
Kris Bubic,Tommy John surgery,Pitcher,2023-04-26 00:00:00.000000000,2023,663460.0,bubickr01,,24.0,,,,,,
Kris Bubic,Tommy John surgery,Pitcher,2023-04-26 00:00:00.000000000,2023,663460.0,bubickr01,,24.0,,,,,,
Ky Bush,Tommy John surgery,Pitcher,2025-02-12 00:00:00.000000000,2025,681066.0,bushky01,,,,,,,,
Kyle Bradish,Tommy John surgery,Pitcher,2024-06-19 00:00:00.000000000,2024,680694.0,bradiky01,84.0,,,,,,,
Kyle Bradish,Tommy John surgery,Pitcher,2024-06-19 00:00:00.000000000,2024,680694.0,bradiky01,84.0,,,,,,,
Kyle Hurt,Tommy John surgery,Pitcher,2024-07-30 00:00:00.000000000,2024,669165.0,hurtky01,,,,,,,,
Kyuji Fujikawa,Tommy John surgery,Pitcher,2013-06-01 00:00:00.000000000,2013,493117.0,fujikky01,,,,,,,,
Lance Lynn,Tommy John surgery,Pitcher,2015-11-10 00:00:00.000000000,2015,458681.0,lynnla01,,,,,,,24.0,
Lance McCullers Jr.,Tommy John surgery,Pitcher,2018-11-06 00:00:00.000000000,2018,621121.0,,64.0,,,110.0,,83.33333333333333,88.5,88.66666666666667
Liam Hendriks,Tommy John surgery,Pitcher,2023-08-02 00:00:00.000000000,2023,521230.0,hendrli01,,,,37.0,13.666666666666666,,,
Liam Hendriks,Tommy John surgery,Pitcher,2023-08-02 00:00:00.000000000,2023,521230.0,hendrli01,,,,37.0,13.666666666666666,,,
Logan Webb,Tommy John surgery,Pitcher,2016-06-01 00:00:00.000000000,2016,657277.0,webblo01,,,,,,,,
Lou Trivino,Tommy John surgery,Pitcher,2023-05-03 00:00:00.000000000,2023,642152.0,trivilo01,12.5,,,10.333333333333334,,,,
Lou Trivino,Tommy John surgery,Pitcher,2023-05-03 00:00:00.000000000,2023,642152.0,trivilo01,12.5,,,10.333333333333334,,,,
Lucas Gilbreath,Tommy John surgery,Pitcher,2023-03-14 00:00:00.000000000,2023,656458.0,gilbrlu01,,,,,,,,
Lucas Gilbreath,Tommy John surgery,Pitcher,2023-03-14 00:00:00.000000000,2023,656458.0,gilbrlu01,,,,,,,,
Luis Avilán,Tommy John surgery,Pitcher,2021-04-28 00:00:00.000000000,2021,501593.0,avilalu01,,,,,,,,
Luis F. Ortiz,Tommy John surgery,Pitcher,2024-07-11 00:00:00.000000000,2024,642528.0,,,,24.0,,20.333333333333332,,,
Luis Garcia,Tommy John surgery,Pitcher,2023-05-19 00:00:00.000000000,2023,150193.0,garcilu01,,,,,,,,
Luis Garcia,Tommy John surgery,Pitcher,2023-05-19 00:00:00.000000000,2023,150193.0,garcilu01,,,,,,,,
Luis Garcia,Tommy John surgery,Pitcher,2023-05-19 00:00:00.000000000,2023,150193.0,garcilu01,,,,,,,,
Luis García,Tommy John surgery,Pitcher,2023-05-19 00:00:00.000000000,2023,408202.0,garcilu02,,,,,,,,
Luis Gil,Tommy John surgery,Pitcher,2022-05-24 00:00:00.000000000,2022,661563.0,gillu01,,,,,,73.0,48.0,
Luis Gil,Tommy John surgery,Pitcher,2022-05-24 00:00:00.000000000,2022,661563.0,gillu01,,,,,,73.0,48.0,
Luis Medina,Tommy John surgery,Pitcher,2024-08-07 00:00:00.000000000,2024,118901.0,medinlu01,,,,,,,,
Luis Patiño,Tommy John surgery,Pitcher,2024-04-30 00:00:00.000000000,2024,672715.0,patinlu01,,,14.0,15.5,,,,
Luis Severino,Tommy John surgery,Pitcher,2020-02-27 00:00:00.000000000,2020,622663.0,severlu01,90.0,,,84.66666666666667,70.0,94.0,,93.0
Luis Severino,Tommy John surgery,Pitcher,2020-02-27 00:00:00.000000000,2020,622663.0,severlu01,90.0,,,84.66666666666667,70.0,94.0,,93.0
Luke Jackson,Tommy John surgery,Pitcher,2022-04-13 00:00:00.000000000,2022,592426.0,jackslu01,13.909090909090908,,,25.666666666666668,,,16.0,
Luke Jackson,Tommy John surgery,Pitcher,2022-04-13 00:00:00.000000000,2022,592426.0,jackslu01,13.909090909090908,,,25.666666666666668,,,16.0,
Manny Corpas,Tommy John surgery,Pitcher,1970-01-01 00:00:00.000002010,1970,466918.0,corpama01,,,,,,,,
Manny Delcarmen,Tommy John surgery,Pitcher,2003-05-02 00:00:00.000000000,2003,434668.0,delcama01,,,,,,,,
Mario Hollands,Tommy John surgery,Pitcher,2015-04-08 00:00:00.000000000,2015,571786.0,hollama01,,,,,,,,
Mason Thompson,Tommy John surgery,Pitcher,2024-03-01 00:00:00.000000000,2024,666168.0,thompma02,,,,,,,,
Mason Thompson,Tommy John surgery,Pitcher,2024-03-01 00:00:00.000000000,2024,666168.0,thompma02,,,,,,,,
Matt Bowman,Tommy John surgery,Pitcher,2020-09-01 00:00:00.000000000,2020,621199.0,,,,,,,,,
Matt Brash,Tommy John surgery,Pitcher,2024-05-08 00:00:00.000000000,2024,666374.0,brashma01,,18.25,,,15.5,,,
Matt Brash,Tommy John surgery,Pitcher,2024-05-08 00:00:00.000000000,2024,666374.0,brashma01,,18.25,,,15.5,,,
Matt Festa,Tommy John surgery,Pitcher,2020-03-01 00:00:00.000000000,2020,670036.0,festama01,,,,,,17.0,,
Matt Harvey,Tommy John surgery,Pitcher,2013-10-22 00:00:00.000000000,2013,518774.0,harvema01,,,,,,96.25,,
Matt Magill,Tommy John surgery,Pitcher,2015-05-01 00:00:00.000000000,2015,543483.0,magilma01,,,,,,,,
Matt Mantei,Tommy John surgery,Pitcher,2001-06-19 00:00:00.000000000,2001,118256.0,mantema01,,,,,,,,
Matt Moore,Tommy John surgery,Pitcher,2014-04-22 00:00:00.000000000,2014,519043.0,moorema02,,,,,,120.0,,
Matt Morris,Tommy John surgery,Pitcher,1999-04-01 00:00:00.000000000,1999,119403.0,morrima01,,,,,,,,
Matthew Boyd,Tommy John surgery,Pitcher,2023-06-28 00:00:00.000000000,2023,571510.0,,8.0,60.333333333333336,,,,48.5,,
Matthew Boyd,Tommy John surgery,Pitcher,2023-06-28 00:00:00.000000000,2023,571510.0,,8.0,60.333333333333336,,,,48.5,,
Max Fried,Tommy John surgery,Pitcher,2014-08-20 00:00:00.000000000,2014,608331.0,friedma01,,,,,,,,8.25
Max Kranick,Tommy John surgery,Pitcher,2022-06-03 00:00:00.000000000,2022,668820.0,kranima01,,,,,,,,
Max Kranick,Tommy John surgery,Pitcher,2022-06-03 00:00:00.000000000,2022,668820.0,kranima01,,,,,,,,
Max Lazar,Tommy John surgery,Pitcher,1970-01-01 00:00:00.000002021,1970,676661.0,lazarma01,,,,,,,,
Max Meyer,Tommy John surgery,Pitcher,2022-08-09 00:00:00.000000000,2022,676974.0,meyerma01,,,,,,,,
Max Meyer,Tommy John surgery,Pitcher,2022-08-09 00:00:00.000000000,2022,676974.0,meyerma01,,,,,,,,
Michael Fulmer,Tommy John surgery,Pitcher,2019-03-27 00:00:00.000000000,2019,605242.0,fulmemi01,,,,,,,,
Michael Kopech,Tommy John surgery,Pitcher,2018-09-18 00:00:00.000000000,2018,656629.0,kopecmi01,,,,,,,35.5,
Michael Pineda,Tommy John surgery,Pitcher,2017-07-18 00:00:00.000000000,2017,501381.0,pinedmi01,,,,,,,,
Michel Baez,Tommy John surgery,Pitcher,2021-03-30 00:00:00.000000000,2021,673258.0,baezmi01,,,,,,,,
Michel Baez,Tommy John surgery,Pitcher,2021-03-30 00:00:00.000000000,2021,673258.0,baezmi01,,,,,,,,
Mike Clevinger,Tommy John surgery,Pitcher,2020-11-17 00:00:00.000000000,2020,605182.0,clevimi01,,,20.75,25.0,99.0,37.5,,
Mike Gonzalez,Tommy John surgery,Pitcher,2007-05-31 00:00:00.000000000,2007,283166.0,gonzami02,,,,,,,,
Mike Hampton,Tommy John surgery,Pitcher,2005-09-25 00:00:00.000000000,2005,115399.0,hamptmi01,,,,,,,,
Mike Pelfrey,Tommy John surgery,Pitcher,2012-04-01 00:00:00.000000000,2012,460059.0,pelfrmi01,,,,,,,,
Nate Adcock,Tommy John surgery,Pitcher,2015-08-01 00:00:00.000000000,2015,502264.0,,,,,,,,,
Nate Jones,Tommy John surgery,Pitcher,2017-07-11 00:00:00.000000000,2017,518858.0,jonesna01,,,,,,,,
Nate Robertson,Tommy John surgery,Pitcher,1970-01-01 00:00:00.000001998,1970,425146.0,roberna01,,,,,,,,
Neal Cotts,Tommy John surgery,Pitcher,2009-07-01 00:00:00.000000000,2009,425840.0,cottsne01,,,,,,,,
Neftalí Feliz,Tommy John surgery,Pitcher,2012-08-01 00:00:00.000000000,2012,491703.0,felizne01,,,,,,,,
Neil Wagner,Tommy John surgery,Pitcher,2014-08-01 00:00:00.000000000,2014,474599.0,wagnene01,,,,,,,,
Nick Adenhart,Tommy John surgery,Pitcher,2004-06-01 00:00:00.000000000,2004,444440.0,adenhni01,,,,,,,,
Nick Tropeano,Tommy John surgery,Pitcher,2016-08-04 00:00:00.000000000,2016,607374.0,tropeni01,,,,,,,,
Noah Syndergaard,Tommy John surgery,Pitcher,2020-03-26 00:00:00.000000000,2020,592789.0,syndeno01,,,,,,28.0,,
Noah Syndergaard,Tommy John surgery,Pitcher,2020-03-26 00:00:00.000000000,2020,592789.0,syndeno01,,,,,,28.0,,
Octavio Dotel,Tommy John surgery,Pitcher,2005-06-06 00:00:00.000000000,2005,136734.0,doteloc01,,,,,,,,
Odalis Pérez,Tommy John surgery,Pitcher,1999-08-05 00:00:00.000000000,1999,136602.0,perezod01,,,,,,,,
Orber Moreno,Tommy John surgery,Pitcher,2000-06-01 00:00:00.000000000,2000,150205.0,morenor01,,,,,,,,
Packy Naughton,Tommy John surgery,Pitcher,1970-01-01 00:00:00.000002013,1970,676050.0,naughpa01,,,,,,,,
Pat Hentgen,Tommy John surgery,Pitcher,2001-08-01 00:00:00.000000000,2001,115797.0,hentgpa01,,,,,,,,
Patrick Corbin,Tommy John surgery,Pitcher,2014-03-25 00:00:00.000000000,2014,571578.0,corbipa01,,,,,,,,
Paul Byrd,Tommy John surgery,Pitcher,2003-07-01 00:00:00.000000000,2003,111838.0,byrdpa01,,,,,,,,
Paul Wilson,Tommy John surgery,Pitcher,1999-04-01 00:00:00.000000000,1999,124417.0,wilsopa02,,,,,,,,
Pedro Borbón Jr.,Tommy John surgery,Pitcher,1996-08-30 00:00:00.000000000,1996,150337.0,,,,,,,,,
Peter Lambert,Tommy John surgery,Pitcher,2020-07-21 00:00:00.000000000,2020,663567.0,lambepe01,,,,,,,,
Peter Lambert,Tommy John surgery,Pitcher,2020-07-21 00:00:00.000000000,2020,663567.0,lambepe01,,,,,,,,
Phil Coke,Tommy John surgery,Pitcher,2018-08-01 00:00:00.000000000,2018,457435.0,cokeph01,,,,,,,,
Philip Humber,Tommy John surgery,Pitcher,1970-01-01 00:00:00.000002005,1970,458950.0,humbeph01,,,,,,,,
Rafael Montero,Tommy John surgery,Pitcher,2018-03-01 00:00:00.000000000,2018,606160.0,montera01,,,,,,,,17.1
Rafael Soriano,Tommy John surgery,Pitcher,2004-08-17 00:00:00.000000000,2004,400089.0,soriara01,,,,,,,,
Randy Rodríguez,Tommy John surgery,Pitcher,2025-09-24 00:00:00.000000000,2025,678495.0,rodrira02,,,,,,,,
Reiver Sanmartin,Tommy John surgery,Pitcher,2023-07-07 00:00:00.000000000,2023,665665.0,sanmare01,,,,,,,,
Rheal Cormier,Tommy John surgery,Pitcher,1970-01-01 00:00:00.000001997,1970,112690.0,cormirh01,,,,,,,,
Richard Lovelady,Tommy John surgery,Pitcher,2021-09-29 00:00:00.000000000,2021,663992.0,lovelri01,,,,,,,,
Rick Ankiel,Tommy John surgery,Pitcher,2003-07-01 00:00:00.000000000,2003,150449.0,ankieri01,,,,,,,,
Ricky Bones,Tommy John surgery,Pitcher,2003-05-01 00:00:00.000000000,2003,111191.0,bonesri01,,,,,,,,
River Ryan,Tommy John surgery,Pitcher,2024-08-25 00:00:00.000000000,2024,689981.0,ryanri01,,,,,,,,
Robbie Erlin,Tommy John surgery,Pitcher,2016-05-01 00:00:00.000000000,2016,572362.0,erlinro01,,,,,,,,
Robbie Ray,Tommy John surgery,Pitcher,2023-05-03 00:00:00.000000000,2023,592662.0,rayro02,5.0,,,,,,,
Robbie Ray,Tommy John surgery,Pitcher,2023-05-03 00:00:00.000000000,2023,592662.0,rayro02,5.0,,,,,,,
Robert Gasser,Tommy John surgery,Pitcher,2024-06-24 00:00:00.000000000,2024,688107.0,gassero01,,32.0,,,,,,
Robert Gasser,Tommy John surgery,Pitcher,2024-06-24 00:00:00.000000000,2024,688107.0,gassero01,,32.0,,,,,,
Robert Stephenson,Tommy John surgery,Pitcher,2024-04-30 00:00:00.000000000,2024,596112.0,stephro01,,,,,,,,
Robert Stephenson,Tommy John surgery,Pitcher,2024-04-30 00:00:00.000000000,2024,596112.0,stephro01,,,,,,,,
Roberto Osuna,Tommy John surgery,Pitcher,2013-06-01 00:00:00.000000000,2013,532077.0,osunaro01,,,,,,15.285714285714286,17.0,
Rod Beck,Tommy John surgery,Pitcher,2001-10-01 00:00:00.000000000,2001,110763.0,beckro01,,,,,,,,
Rodrigo López,Tommy John surgery,Pitcher,2007-08-22 00:00:00.000000000,2007,150438.0,lopezro02,,,,,,,,
Ronel Blanco,Tommy John surgery,Pitcher,2025-06-06 00:00:00.000000000,2025,669854.0,blancro01,,,,,,,,
Ross Stripling,Tommy John surgery,Pitcher,2014-03-01 00:00:00.000000000,2014,548389.0,stripro01,,,,,,14.4,9.2,
Rubby De La Rosa,Tommy John surgery,Pitcher,2011-08-02 20:17:00.000000000,2011,523989.0,,,,,,,,,
Ryan Dempster,Tommy John surgery,Pitcher,2003-08-04 00:00:00.000000000,2003,133225.0,dempsry01,,,,,,,,
Ryan Madson,Tommy John surgery,Pitcher,2012-03-01 00:00:00.000000000,2012,425492.0,madsory01,,,,,,,17.0,
Ryan O'Rourke,Tommy John surgery,Pitcher,2017-04-01 00:00:00.000000000,2017,594951.0,orourry01,,,,,,,,
Ryan Sherriff,Tommy John surgery,Pitcher,2018-06-05 00:00:00.000000000,2018,595411.0,sherrry01,,,,,,16.5,,
Sam Carlson,Tommy John surgery,Pitcher,2018-07-02 00:00:00.000000000,2018,676664.0,,,,,,,,,
Sam Freeman,Tommy John surgery,Pitcher,2020-08-19 00:00:00.000000000,2020,518693.0,freemsa01,,,,,,,,
Sam Hentges,Tommy John surgery,Pitcher,2016-07-05 00:00:00.000000000,2016,656529.0,hentgsa01,,,,,,,,
Sandy Alcantara,Tommy John surgery,Pitcher,2023-10-06 00:00:00.000000000,2023,645261.0,alcansa01,,,,95.0,,,,
Sandy Alcantara,Tommy John surgery,Pitcher,2023-10-06 00:00:00.000000000,2023,645261.0,alcansa01,,,,95.0,,,,
Sandy Alcántara,Tommy John surgery,Pitcher,2023-10-06 00:00:00.000000000,2023,645261.0,alcansa01,,,,95.0,,,,
Scott Baker,Tommy John surgery,Pitcher,2012-04-17 00:00:00.000000000,2012,110486.0,bakersc01,,,,,,,,
Scott Erickson,Tommy John surgery,Pitcher,2000-08-01 00:00:00.000000000,2000,113884.0,ericksc01,,,,,,,,
Scott Feldman,Tommy John surgery,Pitcher,1970-01-01 00:00:00.000002003,1970,444857.0,feldmsc01,,,,,,,,
Scott Mathieson,Tommy John surgery,Pitcher,2006-09-01 00:00:00.000000000,2006,455949.0,mathisc01,,,,,,,,
Scott Schoeneweis,Tommy John surgery,Pitcher,1970-01-01 00:00:00.000001994,1970,150011.0,schoesc01,,,,,,,,
Scott Strickland,Tommy John surgery,Pitcher,2003-06-01 00:00:00.000000000,2003,232994.0,stricsc02,,,,,,,,
Scott Williamson,Tommy John surgery,Pitcher,1970-01-01 00:00:00.000002001,1970,150182.0,willisc01,,,,,,,,
Sean Burnett,Tommy John surgery,Pitcher,2014-06-06 00:00:00.000000000,2014,430634.0,burnese01,,,,,,,,
Sean Guenther,Tommy John surgery,Pitcher,2022-04-07 00:00:00.000000000,2022,674944.0,guentse01,,,,,,8.0,,
Sean Reid-Foley,Tommy John surgery,Pitcher,2022-05-11 00:00:00.000000000,2022,656887.0,reidfse01,,,,,,,,
Seranthony Domínguez,Tommy John surgery,Pitcher,2020-07-30 00:00:00.000000000,2020,622554.0,dominse01,,,,,,19.875,14.833333333333334,
Seranthony Domínguez,Tommy John surgery,Pitcher,2020-07-30 00:00:00.000000000,2020,622554.0,dominse01,,,,,,19.875,14.833333333333334,
Shae Simmons,Tommy John surgery,Pitcher,2015-02-12 00:00:00.000000000,2015,623406.0,simmosh01,,,,,,,,
Shane Baz,Tommy John surgery,Pitcher,2022-09-28 00:00:00.000000000,2022,669358.0,bazsh01,47.0,,,,,,,
Shane Baz,Tommy John surgery,Pitcher,2022-09-28 00:00:00.000000000,2022,669358.0,bazsh01,47.0,,,,,,,
Shane Baz,Tommy John surgery,Pitcher,2022-09-28 00:00:00.000000000,2022,669358.0,bazsh01,47.0,,,,,,,
Shane Bieber,Tommy John surgery,Pitcher,2024-04-12 00:00:00.000000000,2024,669456.0,biebesh01,,62.0,,,101.0,,,
Shane Bieber,Tommy John surgery,Pitcher,2024-04-12 00:00:00.000000000,2024,669456.0,biebesh01,,62.0,,,101.0,,,
Shane McClanahan,Tommy John surgery,Pitcher,2023-08-21 00:00:00.000000000,2023,663556.0,mcclash01,,,,27.75,55.0,,,
Shane McClanahan,Tommy John surgery,Pitcher,2023-08-21 00:00:00.000000000,2023,663556.0,mcclash01,,,,27.75,55.0,,,
Shaun Marcum,Tommy John surgery,Pitcher,2008-09-30 00:00:00.000000000,2008,451788.0,marcush01,,,,,,,,
Shawn Tolleson,Tommy John surgery,Pitcher,2007-05-17 20:17:00.000000000,2007,474521.0,tollesh01,,,,,,,,
Shelby Miller,Tommy John surgery,Pitcher,2017-05-10 00:00:00.000000000,2017,571946.0,millesh01,,,,,,,,
Shohei Ohtani,Tommy John surgery,Pitcher,2018-10-01 00:00:00.000000000,2018,660271.0,ohtansh01,,,,,,,,
Silvino Bracho,Tommy John surgery,Pitcher,2019-03-13 00:00:00.000000000,2019,611093.0,brachsi01,,,,,,,,
Spencer Turnbull,Tommy John surgery,Pitcher,2021-07-29 00:00:00.000000000,2021,605513.0,turnbsp01,,,,,,,,
Spencer Turnbull,Tommy John surgery,Pitcher,2021-07-29 00:00:00.000000000,2021,605513.0,turnbsp01,,,,,,,,
Stephen Strasburg,Tommy John surgery,Pitcher,2010-09-03 00:00:00.000000000,2010,544931.0,strasst01,,,,,,,,
Sterling Hitchcock,Tommy John surgery,Pitcher,2000-06-06 00:00:00.000000000,2000,115982.0,hitchst01,,,,,,,,
Steve Karsay,Tommy John surgery,Pitcher,1970-01-01 00:00:00.000001995,1970,116853.0,karsast01,,,,,,,,
Steve Sparks,Tommy John surgery,Pitcher,1970-01-01 00:00:00.000001997,1970,331992.0,sparkst02,,,,,,,,
Steven Matz,Tommy John surgery,Pitcher,2010-05-18 00:00:00.000000000,2010,571927.0,matzst01,,,,,,,,
Taijuan Walker,Tommy John surgery,Pitcher,2018-04-25 00:00:00.000000000,2018,592836.0,walketa01,52.0,,,,,,,
Tanner Houck,Tommy John surgery,Pitcher,2025-08-18 00:00:00.000000000,2025,656557.0,houckta01,,,33.0,,,,,
Tanner Rainey,Tommy John surgery,Pitcher,2022-08-03 00:00:00.000000000,2022,663432.0,raineta01,,,,13.666666666666666,,,,
Tanner Rainey,Tommy John surgery,Pitcher,2022-08-03 00:00:00.000000000,2022,663432.0,raineta01,,,,13.666666666666666,,,,
Tejay Antone,Tommy John surgery,Pitcher,2021-08-27 00:00:00.000000000,2021,622088.0,antonte01,,,,,,,,
Tejay Antone,Tommy John surgery,Pitcher,2021-08-27 00:00:00.000000000,2021,622088.0,antonte01,,,,,,,,
Tim Hudson,Tommy John surgery,Pitcher,2008-08-02 00:00:00.000000000,2008,218596.0,hudsoti01,,,,,,,,
Tim Mayza,Tommy John surgery,Pitcher,2019-09-18 00:00:00.000000000,2019,641835.0,mayzati01,,,,,,,,
Tim Spooneybarger,Tommy John surgery,Pitcher,1970-01-01 00:00:00.000002003,1970,407486.0,spoonti01,,,,,,,,
Tim Worrell,Tommy John surgery,Pitcher,1994-05-12 00:00:00.000000000,1994,124580.0,worreti01,,,,,,,,
Todd Worrell,Tommy John surgery,Pitcher,1989-12-01 00:00:00.000000000,1989,124581.0,worreto01,,,,,,,,
Tom Candiotti,Tommy John surgery,Pitcher,1981-10-01 00:00:00.000000000,1981,111954.0,candito01,,,,,,,,
Tom Gordon,Tommy John surgery,Pitcher,1999-12-13 00:00:00.000000000,1999,114971.0,gordoto01,,,,,,,,
Tommy John,Tommy John surgery,Pitcher,1974-09-25 00:00:00.000000000,1974,116550.0,johnto01,,,,,,,,
Tommy Kahnle,Tommy John surgery,Pitcher,2020-08-04 00:00:00.000000000,2020,592454.0,kahnlto01,14.125,,,19.666666666666668,,9.666666666666666,,15.88888888888889
Tommy Kahnle,Tommy John surgery,Pitcher,2020-08-04 00:00:00.000000000,2020,592454.0,kahnlto01,14.125,,,19.666666666666668,,9.666666666666666,,15.88888888888889
Tommy Kahnle,Tommy John surgery,Pitcher,2020-08-04 00:00:00.000000000,2020,592454.0,kahnlto01,14.125,,,19.666666666666668,,9.666666666666666,,15.88888888888889
Tony Gonsolin,Tommy John surgery,Pitcher,2023-09-01 00:00:00.000000000,2023,664062.0,gonsoto01,42.0,,,51.5,23.0,,,
Tony Gonsolin,Tommy John surgery,Pitcher,2023-09-01 00:00:00.000000000,2023,664062.0,gonsoto01,42.0,,,51.5,23.0,,,
Tony Gonsolin,Tommy John surgery,Pitcher,2023-09-01 00:00:00.000000000,2023,664062.0,gonsoto01,42.0,,,51.5,23.0,,,
Trevor Gott,Tommy John surgery,Pitcher,2024-04-03 00:00:00.000000000,2024,641627.0,gotttr01,,,,,,,,
Trevor May,Tommy John surgery,Pitcher,2017-03-22 00:00:00.000000000,2017,543507.0,maytr01,,,,,,6.0,,
Trevor Rosenthal,Tommy John surgery,Pitcher,2017-08-01 00:00:00.000000000,2017,572096.0,rosentr01,,,,,23.0,,29.0,
Trey Wingenter,Tommy John surgery,Pitcher,2020-07-18 00:00:00.000000000,2020,622259.0,wingetr01,,,,,,,,
Trey Wingenter,Tommy John surgery,Pitcher,2020-07-18 00:00:00.000000000,2020,622259.0,wingetr01,,,,,,,,
Tsuyoshi Wada,Tommy John surgery,Pitcher,2012-05-11 00:00:00.000000000,2012,493159.0,wadats01,,,,,,,,
Ty Hensley,Tommy John surgery,Pitcher,2015-03-31 00:00:00.000000000,2015,669211.0,,,,,,,,,
Tyler Beede,Tommy John surgery,Pitcher,2020-03-20 00:00:00.000000000,2020,595881.0,beedety01,,,,,,,,
Tyler Beede,Tommy John surgery,Pitcher,2020-03-20 00:00:00.000000000,2020,595881.0,beedety01,,,,,,,,
Tyler Glasnow,Tommy John surgery,Pitcher,2021-08-04 00:00:00.000000000,2021,607192.0,glasnty01,88.0,,,,58.0,,,57.0
Tyler Glasnow,Tommy John surgery,Pitcher,2021-08-04 00:00:00.000000000,2021,607192.0,glasnty01,88.0,,,,58.0,,,57.0
Tyler Kolek,Tommy John surgery,Pitcher,2016-04-07 00:00:00.000000000,2016,681217.0,,,,,,,,,
Tyler Mahle,Tommy John surgery,Pitcher,2023-05-22 00:00:00.000000000,2023,641816.0,mahlety01,,,,,,,,
Tyler Mahle,Tommy John surgery,Pitcher,2023-05-22 00:00:00.000000000,2023,641816.0,mahlety01,,,,,,,,
Tyler Matzek,Tommy John surgery,Pitcher,2022-10-12 00:00:00.000000000,2022,554431.0,matzety01,18.384615384615383,,,,20.166666666666668,,,
Tyler Skaggs,Tommy John surgery,Pitcher,2014-08-13 00:00:00.000000000,2014,572140.0,skaggty01,,,,,,,,
Tyler Sturdevant,Tommy John surgery,Pitcher,1970-01-01 00:00:00.000002007,1970,573188.0,sturdty01,,,,,,,,
Tyler Thornburg,Tommy John surgery,Pitcher,2020-09-20 00:00:00.000000000,2020,592804.0,thornty01,,,,,,,,
Tyler Yates,Tommy John surgery,Pitcher,2002-07-16 20:09:00.000000000,2002,407884.0,yatesty01,,,,,,,,
Tylor Megill,Tommy John surgery,Pitcher,2025-09-22 00:00:00.000000000,2025,656731.0,megilty01,52.5,,,,,,,
Vladimir Gutierrez,Tommy John surgery,Pitcher,2022-07-20 00:00:00.000000000,2022,661269.0,gutievl01,,,,,,,,
Vladimir Gutierrez,Tommy John surgery,Pitcher,2022-07-20 00:00:00.000000000,2022,661269.0,gutievl01,,,,,,,,
Víctor Zambrano,Tommy John surgery,Pitcher,1996-05-15 20:06:00.000000000,1996,406913.0,zambrvi01,,,,,,,,
Wade Miley,Tommy John surgery,Pitcher,2024-05-07 00:00:00.000000000,2024,489119.0,mileywa01,,,,,,,,
Walker Buehler,Tommy John surgery,Pitcher,2022-08-23 00:00:00.000000000,2022,621111.0,buehlwa01,80.75,,90.5,108.5,94.25,65.75,,
Walker Buehler,Tommy John surgery,Pitcher,2022-08-23 00:00:00.000000000,2022,621111.0,buehlwa01,80.75,,90.5,108.5,94.25,65.75,,
Walker Buehler,Tommy John surgery,Pitcher,2022-08-23 00:00:00.000000000,2022,621111.0,buehlwa01,80.75,,90.5,108.5,94.25,65.75,,
Wei-Yin Chen,Tommy John surgery,Pitcher,1970-01-01 00:00:00.000002006,1970,612672.0,chenwe02,,,,,,,,
Will Smith,Tommy John surgery,Pitcher,2017-03-30 00:00:00.000000000,2017,519293.0,smithwi04,6.5,,,,,,15.4,15.0
Wyatt Mills,Tommy John surgery,Pitcher,2023-07-05 00:00:00.000000000,2023,670090.0,millswy01,,,,,,,,
Yimi García,Tommy John surgery,Pitcher,2016-10-25 00:00:00.000000000,2016,554340.0,garciyi01,24.0,,,,,,,17.5
Yonny Chirinos,Tommy John surgery,Pitcher,2020-08-25 00:00:00.000000000,2020,630023.0,chiriyo01,,,,,,,,
Yonny Chirinos,Tommy John surgery,Pitcher,2020-08-25 00:00:00.000000000,2020,630023.0,chiriyo01,,,,,,,,
Yu Darvish,Tommy John surgery,Pitcher,2015-03-17 00:00:00.000000000,2015,506433.0,darviyu01,,84.0,,,,62.75,,
Zach Duke,Tommy John surgery,Pitcher,2016-10-14 00:00:00.000000000,2016,435043.0,dukeza01,,,,,,,,
Zach Putnam,Tommy John surgery,Pitcher,2017-06-01 00:00:00.000000000,2017,474029.0,putnaza01,,,,,,,,
Zack Britton,Tommy John surgery,Pitcher,2021-09-08 00:00:00.000000000,2021,502154.0,brittza01,20.666666666666668,,,18.0,16.285714285714285,,,
Zack Britton,Tommy John surgery,Pitcher,2021-09-08 00:00:00.000000000,2021,502154.0,brittza01,20.666666666666668,,,18.0,16.285714285714285,,,
Zack Wheeler,Tommy John surgery,Pitcher,2015-03-01 00:00:00.000000000,2015,554430.0,wheelza01,,,,,,,,
Érik Bédard,Tommy John surgery,Pitcher,2002-09-10 00:00:00.000000000,2002,407853.0,bedarer01,,,,,,,,
